INSERT INTO City (CityName)
VALUES 
(N'تهران'), (N'مشهد'), (N'اصفهان'), (N'تبریز'), (N'شیراز'),
(N'اهواز'), (N'رشت'), (N'ارومیه'), (N'ساری'), (N'بندرعباس');

INSERT INTO TransportCompany (CompanyName)
VALUES
('ایران ایر'),
('ماهان'),
('آسمان'),
('کاسپین'),
('زاگرس'),
('تابان'),
('قشم ایر'),
('آتا'),
('وارش'),
('ساها'),
('رویال سفر'),
('آسیا سفر'),
('ایران پیما'),
('پارسیان'),
('جهان‌گشت'),
('همسفر'),
('ترابر بی‌نهایت'),
('کوهسار'),
('میهن سفر'),
('سبز سیر'),
('رجا');

INSERT INTO Ticket (Origin, Destination, DepartureDate, DepartureTime, ArrivalDate, ArrivalTime, Price, RemainingCapacity, TransportCompanyID)
VALUES
(1, 2, '2025-06-01', '08:00:00', '2025-06-01', '09:30:00', 850000, 30, 1),
(1, 4, '2025-06-02', '14:00:00', '2025-06-02', '15:20:00', 950000, 25, 2),
(1, 5, '2025-06-03', '09:00:00', '2025-06-03', '10:40:00', 900000, 20, 7),
(9, 2, '2025-06-01', '10:00:00', '2025-06-01', '11:30:00', 950000, 15, 10),
(1, 10, '2025-06-04', '07:30:00', '2025-06-04', '09:00:00', 870000, 22, 9),
(8, 4, '2025-06-05', '11:15:00', '2025-06-05', '13:00:00', 990000, 12, 2),
(7, 2, '2025-06-06', '12:00:00', '2025-06-06', '13:30:00', 820000, 18, 6),
(4, 1, '2025-06-07', '17:00:00', '2025-06-07', '18:15:00', 930000, 30, 8),
(2, 6, '2025-06-08', '06:30:00', '2025-06-08', '08:00:00', 920000, 10, 5),
(3, 7, '2025-06-09', '13:45:00', '2025-06-09', '15:20:00', 880000, 16, 9),
(1, 3, '2025-06-01', '18:00:00', '2025-06-01', '23:00:00', 200000, 8, 3),
(3, 4, '2025-06-02', '08:00:00', '2025-06-02', '12:30:00', 180000, 10, 4),
(2, 5, '2025-06-03', '07:00:00', '2025-06-03', '13:00:00', 250000, 5, 6),
(4, 2, '2025-06-04', '22:00:00', '2025-06-05', '04:00:00', 210000, 6, 3),
(6, 7, '2025-06-05', '10:00:00', '2025-06-05', '16:00:00', 230000, 7, 8),
(1, 8, '2025-06-06', '05:30:00', '2025-06-06', '12:30:00', 270000, 4, 4),
(3, 9, '2025-06-07', '06:00:00', '2025-06-07', '13:00:00', 260000, 3, 6),
(9, 5, '2025-06-08', '09:00:00', '2025-06-08', '14:00:00', 240000, 6, 3),
(2, 7, '2025-06-09', '07:30:00', '2025-06-09', '12:00:00', 220000, 5, 8),
(6, 1, '2025-06-10', '13:00:00', '2025-06-10', '19:30:00', 210000, 8, 4),
(1, 2, '2025-06-01', '20:00:00', '2025-06-02', '06:00:00', 300000, 25, 5),
(3, 4, '2025-06-02', '22:00:00', '2025-06-03', '08:00:00', 310000, 20, 5),
(2, 5, '2025-06-03', '21:00:00', '2025-06-04', '07:30:00', 290000, 15, 5),
(6, 7, '2025-06-04', '19:00:00', '2025-06-05', '05:00:00', 270000, 18, 5),
(5, 1, '2025-06-05', '23:00:00', '2025-06-06', '08:00:00', 320000, 22, 5),
(8, 9, '2025-06-06', '18:30:00', '2025-06-07', '04:30:00', 330000, 12, 5),
(4, 10, '2025-06-07', '21:00:00', '2025-06-08', '07:00:00', 310000, 14, 5),
(10, 2, '2025-06-08', '20:15:00', '2025-06-09', '06:00:00', 300000, 10, 5),
(3, 1, '2025-06-09', '22:00:00', '2025-06-10', '06:00:00', 310000, 16, 5),
(1, 6, '2025-06-10', '19:30:00', '2025-06-11', '05:30:00', 290000, 13, 5);

INSERT INTO AirplaneTicket (TicketID, CompanyName, FlightClass, NumberOfStops, FlightNumber, OriginAirPort, DestinationAirPort, Features)
VALUES
(1, 'ایران ایر', 'اکونومی', 0, 'IR123', 'فرودگاه مهرآباد', 'فرودگاه شهید هاشمی‌نژاد', 'پذیرایی، مانیتور شخصی'),
(2, 'ماهان', 'بیزینس', 1, 'W567', 'فرودگاه امام خمینی', 'فرودگاه تبریز', 'صندلی تخت‌خواب‌شو، اینترنت رایگان'),
(3, 'آسمان', 'اکونومی', 0, 'A789', 'فرودگاه مهرآباد', 'فرودگاه شیراز', 'پذیرایی مختصر'),
(4, 'کاسپین', 'اکونومی', 2, 'C101', 'فرودگاه بندرعباس', 'فرودگاه مشهد', 'پتو و بالش'),
(5, 'زاگرس', 'بیزینس', 0, 'Z202', 'فرودگاه امام خمینی', 'فرودگاه ارومیه', 'غذای گرم، فضای بیشتر'),
(6, 'تابان', 'اکونومی', 1, 'T303', 'فرودگاه اهواز', 'فرودگاه تبریز', 'نوشیدنی رایگان'),
(7, 'قشم ایر', 'اکونومی', 0, 'Q404', 'فرودگاه کیش', 'فرودگاه مشهد', 'صندلی راحت'),
(8, 'آتا', 'اکونومی', 0, 'AT505', 'فرودگاه تبریز', 'فرودگاه تهران', 'پنل سرگرمی'),
(9, 'وارش', 'بیزینس', 1, 'VA606', 'فرودگاه مشهد', 'فرودگاه کرمان', 'اینترنت و پذیرایی کامل'),
(10, 'ساها', 'اکونومی', 0, 'SH707', 'فرودگاه اصفهان', 'فرودگاه یزد', 'پذیرایی سبک');

INSERT INTO BusTicket (TicketID, CompanyName, BusType, ChairInRow, Feature)
VALUES
(11, 'رویال سفر', 'وی‌آی‌پی', 2, 'صندلی تخت‌خواب‌شو، مانیتور شخصی'),
(12, 'آسیا سفر', 'معمولی', 4, 'سیستم تهویه هوا'),
(13, 'ایران پیما', 'نیمه‌وی‌آی‌پی', 3, 'پذیرایی مختصر'),
(14, 'پارسیان', 'وی‌آی‌پی', 2, 'یخچال و پذیرایی'),
(15, 'جهان‌گشت', 'معمولی', 4, 'سرویس بهداشتی'),
(16, 'همسفر', 'وی‌آی‌پی', 2, 'مانیتور و هدفون'),
(17, 'ترابر بی‌نهایت', 'نیمه‌وی‌آی‌پی', 3, 'پذیرایی رایگان'),
(18, 'کوهسار', 'معمولی', 4, 'تهویه مناسب'),
(19, 'میهن سفر', 'وی‌آی‌پی', 2, 'اینترنت و USB'),
(20, 'سبز سیر', 'نیمه‌وی‌آی‌پی', 3, 'صندلی راحت با جای پا');

INSERT INTO TrainTicket (TicketID, NumberOfStars, Feature, ClosedCompartment)
VALUES
(21, 5, 'واگن درجه یک، پذیرایی، مانیتور شخصی', TRUE),
(22, 4, 'واگن کوپه‌ای، خواب راحت', TRUE),
(23, 3, 'واگن باز، صندلی راحت', FALSE),
(24, 4, 'کوپه خانوادگی با تهویه مطبوع', TRUE),
(25, 5, 'صندلی تاشو، پذیرایی ویژه', TRUE),
(26, 3, 'واگن صندلی‌دار معمولی', FALSE),
(27, 4, 'کوپه با مانیتور و پرده، تهویه خوب', TRUE),
(28, 2, 'واگن ساده، بدون کوپه', FALSE),
(29, 5, 'کوپه ویژه با سرو غذا', TRUE),
(30, 3, 'واگن اقتصادی با تهویه', FALSE);

INSERT INTO User (FirstName, LastName, Email, PhoneNumber, Password, RegistrationDate, AccountStatus, CityID, Role)
VALUES
('علی', 'احمدی', 'ali@example.com', '09123456789', 'hashed_pass_1', '2024-01-15 10:00:00', 'active', 1, 'normalUser'),
('سارا', 'محمدی', 'sara@gmail.com', '09359876543', 'hashed_pass_2', '2024-02-20 14:30:00', 'active', 2, 'admin'),
('رضا', 'کریمی', 'reza@domain.ir', '09198765432', 'hashed_pass_3', '2024-03-05 09:15:00', 'inactive', 3, 'normalUser'),
('نازنین', 'فرزانه', 'nazanin@test.org', '09361234567', 'hashed_pass_4', '2024-04-10 16:45:00', 'active', 4, 'normalUser'),
('حسین', 'نوری', 'hossein@mail.com', '09112233445', 'hashed_pass_5', '2024-05-12 08:20:00', 'active', 5, 'admin'),
('فریبا', 'صادقی', 'fereyba@yahoo.com', '09334455667', 'hashed_pass_6', '2024-06-18 11:10:00', 'active', 6, 'normalUser'),
('امیر', 'حسینی', 'amir@site.net', '09109876543', 'hashed_pass_7', '2024-07-22 13:25:00', 'inactive', 7, 'normalUser'),
('سارا', 'رضاپور', 'sara2@webmail.ir', '09378901234', 'hashed_pass_8', '2024-08-30 17:50:00', 'active', 8, 'admin'),
('علیرضا', 'جلالی', 'alireza@fastmail.com', '09187654321', 'hashed_pass_9', '2024-09-05 19:30:00', 'active', 9, 'normalUser'),
('مهدیس', 'کاظمی', 'mahdis@protonmail.com', '09345678901', 'hashed_pass_10', '2024-10-10 20:40:00', 'active', 10, 'normalUser');

INSERT INTO Reservation (UserID, TicketID, ReservationStatus, ReservationTime, ReservationExpiryTime)
VALUES
(1, 1, 'تایید شده', '2025-04-28 10:00:00', '2025-04-28 12:00:00'),
(2, 2, 'در انتظار پرداخت', '2025-04-27 09:30:00', '2025-04-27 11:30:00'),
(3, 5, 'لغو شده', '2025-04-26 14:00:00', '2025-04-26 16:00:00'),
(4, 12, 'تایید شده', '2025-04-25 08:00:00', '2025-04-25 10:00:00'),
(5, 18, 'تایید شده', '2025-04-24 13:15:00', '2025-04-24 15:15:00'),
(6, 25, 'در انتظار پرداخت', '2025-04-23 11:00:00', '2025-04-23 13:00:00'),
(7, 28, 'لغو شده', '2025-04-22 17:00:00', '2025-04-22 19:00:00'),
(8, 30, 'تایید شده', '2025-04-21 07:45:00', '2025-04-21 09:45:00'),
(9, 9, 'تایید شده', '2025-04-20 10:30:00', '2025-04-20 12:30:00'),
(10, 15, 'در انتظار پرداخت', '2025-04-19 12:00:00', '2025-04-19 14:00:00');

INSERT INTO Payment (UserID, ReservationID, PaymentMethod, PaymentStatus, PaymentTime)
VALUES
(1, 1, 'کارت بانکی', 'موفق', '2025-04-28 11:00:00'),
(4, 4, 'کارت بانکی', 'موفق', '2025-04-25 09:00:00'),
(5, 5, 'درگاه اینترنتی', 'موفق', '2025-04-24 14:00:00'),
(8, 8, 'کارت بانکی', 'موفق', '2025-04-21 08:30:00'),
(9, 9, 'کیف پول', 'موفق', '2025-04-20 11:00:00'),
(3, 3, 'کارت بانکی', 'ناموفق', '2025-04-26 15:00:00'),
(6, 6, 'درگاه اینترنتی', 'ناموفق', '2025-04-23 12:00:00'),
(10, 10, 'کیف پول', 'ناموفق', '2025-04-19 13:00:00'),
(2, 2, 'درگاه اینترنتی', 'ناموفق', '2025-04-27 10:30:00'),
(7, 7, 'کارت بانکی', 'لغو شده', '2025-04-22 18:00:00');

INSERT INTO Reports (ReportingUserID, TicketID, ReservationID, ReportSubject, ReportText, ReportStatus)
VALUES
(1, 1, 1, 'تاخیر در پرواز', 'پرواز با یک ساعت تاخیر انجام شد.', 'بررسی شده'),
(2, 2, 2, 'مشکل در پرداخت', 'پرداخت انجام نشد اما پول کم شد.', 'در حال بررسی'),
(3, 5, 3, 'لغو بدون اطلاع‌رسانی', 'بلیط بدون اطلاع لغو شده.', 'در حال بررسی'),
(4, 12, 4, 'رفتار بد راننده', 'راننده برخورد مناسبی نداشت.', 'رسیدگی شده'),
(5, 18, 5, 'تاخیر در حرکت اتوبوس', 'اتوبوس با ۲ ساعت تاخیر حرکت کرد.', 'بررسی شده'),
(6, 25, 6, 'مشکل ثبت نام', 'رزرو انجام نشد اما بلیط کم شد.', 'بررسی نشده'),
(7, 28, 7, 'مشکل در سایت', 'صفحه پرداخت خطا می‌دهد.', 'بررسی نشده'),
(8, 30, 8, 'بلیط اشتباه', 'بلیط مقصد اشتباه ثبت شده است.', 'بررسی شده'),
(9, 9, 9, 'تاخیر در رسیدن قطار', 'قطار با ۳ ساعت تاخیر رسید.', 'در حال بررسی'),
(10, 15, 10, 'مشکل صندلی', 'صندلی رزروشده قابل استفاده نبود.', 'رسیدگی شده');

INSERT INTO ReservationIssue (ReservationID, IssueDescription, IssueStatus)
VALUES
(2, 'پرداخت انجام نشد و رزرو ناقص ماند.', 'باز'),
(3, 'رزرو به‌طور ناگهانی لغو شد.', 'بسته'),
(6, 'در حین پرداخت، سیستم قطع شد.', 'باز'),
(7, 'رزرو ثبت شد ولی بلیط در دسترس نیست.', 'در حال پیگیری'),
(10, 'کاربر هزینه پرداخت کرد ولی رزروی ثبت نشد.', 'باز'),
(1, 'خطا در تایید نهایی.', 'بسته'),
(4, 'تاریخ اشتباه ثبت شده.', 'بررسی شده'),
(5, 'ظرفیت اشتباه نمایش داده شده بود.', 'بسته'),
(8, 'اطلاعات بلیط ناهماهنگ با سیستم.', 'باز'),
(9, 'تغییر زمان حرکت بدون اطلاع.', 'در حال بررسی');

INSERT INTO PaymentHistory (PaymentID, StatusChangeTime, StatusDescription)
VALUES
(1, '2025-04-28 11:00:00', 'پرداخت موفق ثبت شد'),
(2, '2025-04-27 10:30:00', 'پرداخت ناموفق - بانک پاسخ نداد'),
(3, '2025-04-26 15:00:00', 'پرداخت ناموفق - خطای داخلی'),
(4, '2025-04-25 09:00:00', 'پرداخت موفق ثبت شد'),
(5, '2025-04-24 14:00:00', 'پرداخت موفق ثبت شد'),
(6, '2025-04-23 12:00:00', 'پرداخت ناموفق - اتصال قطع شد'),
(7, '2025-04-22 18:00:00', 'پرداخت لغو شده توسط کاربر'),
(8, '2025-04-21 08:30:00', 'پرداخت موفق ثبت شد'),
(9, '2025-04-20 11:00:00', 'پرداخت موفق - استفاده از کیف پول'),
(10, '2025-04-19 13:00:00', 'پرداخت ناموفق - موجودی کافی نبود');
